# salience_rank	word	lift_rank	zipf	salience	lift	tf	idf	z_eff
# salience = 100 * sqrt(tf * idf); tf = norm(log10 modelled lift), idf = norm(8 - z_eff)
# z_eff = zipf, minus 1.5 if hyphenated, floored at 0.8 when wordfreq does not know the word
# scan.sh reads columns 1, 2 and 5; the rest show the working
# regenerate: uv run --with wordfreq --python 3.12 tools/rescore.py
1	load-bearing	1	4.06	81.9	39.5	1.000	0.670	2.56
2	byte-identical	16	3.11	71.3	17.2	0.599	0.848	1.61
3	re-derived	6	4.24	68.7	23.1	0.741	0.637	2.74
4	plainly	2	3.38	68.2	32.1	0.900	0.517	3.38
5	carve-out	33	3.41	62.5	13.9	0.494	0.792	1.91
6	vacuously	59	1.33	60.7	11.7	0.410	0.901	1.33
7	mutation-checked	36	3.59	60.4	13.5	0.481	0.758	2.09
8	chokepoint	58	1.46	60.1	11.7	0.412	0.876	1.46
9	provably	38	2.08	60.0	13.3	0.473	0.760	2.08
10	halves	7	3.47	59.9	22.1	0.718	0.500	3.47
11	pre-fix	14	4.54	59.9	17.9	0.618	0.581	3.04
12	ungated	66	1.31	59.7	11.3	0.393	0.904	1.31
13	refusal	4	3.83	58.8	26.1	0.799	0.433	3.83
14	asserted	8	3.59	57.8	21.2	0.699	0.478	3.59
15	asymmetry	26	2.88	56.8	14.9	0.528	0.610	2.88
16	byte-for-byte	85	2.85	56.6	10.5	0.357	0.897	1.35
17	bit-identical	34	4.18	56.3	13.8	0.490	0.648	2.68
18	quietly	3	4.15	56.0	28.4	0.841	0.373	4.15
19	self-heals	72	3.32	55.5	11.0	0.381	0.809	1.82
20	vacuous	45	2.54	55.0	12.6	0.449	0.674	2.54
21	mutation-verified	75	3.46	54.2	10.9	0.375	0.783	1.96
22	rung	28	3.20	53.4	14.6	0.518	0.551	3.20
23	refusals	63	2.34	53.4	11.4	0.400	0.712	2.34
24	restated	50	2.67	53.1	12.3	0.434	0.650	2.67
25	backstop	54	2.60	52.9	12.0	0.423	0.663	2.60
26	premise	12	3.82	52.7	18.8	0.640	0.434	3.82
27	empirically	43	2.88	52.7	12.8	0.456	0.610	2.88
28	falsified	42	2.92	52.6	12.9	0.459	0.603	2.92
29	throwaway	52	2.77	52.0	12.1	0.428	0.631	2.77
30	re-verified	69	3.92	51.9	11.1	0.387	0.697	2.42
31	disagreed	24	3.49	51.8	15.3	0.540	0.496	3.49
32	wedged	47	2.90	51.8	12.5	0.443	0.607	2.90
33	mutation-tested	87	3.58	51.8	10.4	0.353	0.760	2.08
34	outright	15	3.83	51.3	17.6	0.608	0.433	3.83
35	survived	5	4.32	51.1	24.4	0.767	0.341	4.32
36	deliberately	11	4.02	50.9	19.3	0.653	0.397	4.02
37	genuinely	10	4.10	50.5	19.8	0.667	0.382	4.10
38	refuses	13	4.02	50.0	18.3	0.629	0.397	4.02
39	reproduces	70	2.71	49.7	11.1	0.385	0.642	2.71
40	unparseable	182	0.00	49.7	8.3	0.247	1.000	0.80
41	defect	29	3.68	48.6	14.4	0.513	0.461	3.68
42	re-derives	130	3.41	48.4	9.2	0.295	0.792	1.91
43	deliberate	27	3.82	47.7	14.7	0.523	0.434	3.82
44	unit-testable	198	2.48	47.6	8.1	0.234	0.966	0.98
45	loudly	30	3.79	47.3	14.3	0.508	0.440	3.79
46	byte-identity	160	3.14	47.3	8.7	0.265	0.843	1.64
47	adversarially	218	0.00	47.0	7.9	0.221	1.000	0.80
48	rests	40	3.64	46.7	13.1	0.466	0.468	3.64
49	seam	51	3.44	46.7	12.2	0.431	0.506	3.44
50	re-measured	97	4.21	46.6	10.1	0.338	0.642	2.71
51	lever	41	3.64	46.5	13.0	0.462	0.468	3.64
52	probed	94	2.88	45.7	10.1	0.342	0.610	2.88
53	short-circuits	140	3.76	45.5	9.0	0.285	0.727	2.26
54	indistinguishable	78	3.16	45.4	10.7	0.369	0.558	3.16
55	structurally	77	3.19	45.3	10.8	0.371	0.552	3.19
56	ruling	17	4.29	45.2	16.9	0.590	0.346	4.29
57	stamped	53	3.58	45.2	12.0	0.425	0.479	3.58
58	diffed	244	0.00	45.2	7.6	0.204	1.000	0.80
59	carries	20	4.23	45.0	16.1	0.566	0.358	4.23
60	re-deriving	203	2.95	45.0	8.1	0.231	0.878	1.45
61	predates	103	2.87	44.9	9.9	0.329	0.612	2.87
62	spellings	109	2.79	44.9	9.7	0.321	0.627	2.79
63	re-derive	166	3.50	44.9	8.6	0.260	0.775	2.00
64	callee	202	1.49	44.9	8.1	0.232	0.871	1.49
65	goldens	179	1.84	44.8	8.4	0.249	0.805	1.84
66	minted	98	2.99	44.5	10.0	0.336	0.590	2.99
67	legitimately	76	3.36	44.1	10.8	0.373	0.521	3.36
68	genuine	18	4.37	43.9	16.6	0.582	0.331	4.37
69	unguarded	123	2.75	43.9	9.4	0.303	0.635	2.75
70	refusing	37	3.99	43.8	13.4	0.477	0.403	3.99
71	byte-exact	209	3.13	43.7	8.0	0.227	0.845	1.63
72	owed	46	3.86	43.6	12.6	0.446	0.427	3.86
73	settles	80	3.39	43.4	10.6	0.366	0.515	3.39
74	papered	172	2.19	43.4	8.5	0.255	0.740	2.19
75	tripwire	176	2.18	43.2	8.4	0.251	0.742	2.18
76	aborts	184	2.07	43.2	8.3	0.245	0.762	2.07
77	contradicted	102	3.14	43.1	9.9	0.330	0.562	3.14
78	refuted	107	3.07	43.1	9.8	0.324	0.575	3.07
79	mints	111	3.02	43.1	9.7	0.318	0.584	3.02
80	degrades	136	2.70	43.1	9.1	0.289	0.644	2.70
81	handed	19	4.42	43.0	16.4	0.574	0.322	4.42
82	ceiling	31	4.18	43.0	14.1	0.503	0.367	4.18
83	judged	44	3.96	43.0	12.7	0.452	0.408	3.96
84	asserts	88	3.38	42.6	10.3	0.352	0.517	3.38
85	precedent	60	3.78	42.4	11.6	0.407	0.442	3.78
86	nowhere	23	4.40	42.2	15.5	0.546	0.326	4.40
87	drifted	90	3.41	42.2	10.3	0.349	0.511	3.41
88	reaped	142	2.77	42.2	9.0	0.283	0.631	2.77
89	mattered	82	3.53	42.1	10.6	0.362	0.489	3.53
90	folds	92	3.43	41.9	10.2	0.345	0.507	3.43
91	survives	84	3.55	41.7	10.5	0.359	0.485	3.55
92	escalates	148	2.78	41.7	8.9	0.277	0.629	2.78
93	defects	68	3.77	41.6	11.2	0.389	0.444	3.77
94	inert	124	3.09	41.5	9.3	0.302	0.571	3.09
95	greps	308	0.00	41.3	7.1	0.170	1.000	0.80
96	outlives	241	1.76	41.1	7.7	0.206	0.820	1.76
97	parked	62	3.91	41.0	11.5	0.403	0.418	3.91
98	retargets	313	0.00	41.0	7.1	0.168	1.000	0.80
99	admits	61	3.94	40.8	11.5	0.405	0.412	3.94
100	contradicting	143	3.00	40.7	8.9	0.282	0.588	3.00
101	retires	118	3.29	40.6	9.5	0.309	0.534	3.29
102	unit-tested	161	4.35	40.4	8.6	0.264	0.616	2.85
103	live-verified	204	3.93	40.0	8.0	0.230	0.695	2.43
104	eleven	55	4.12	39.9	11.9	0.420	0.378	4.12
105	carrying	22	4.61	39.8	15.7	0.553	0.287	4.61
106	surviving	64	4.03	39.7	11.4	0.398	0.395	4.03
107	nobody	9	4.95	39.0	20.5	0.682	0.223	4.95
108	wedge	108	3.62	39.0	9.7	0.322	0.472	3.62
109	loud	32	4.53	38.8	14.0	0.498	0.301	4.53
110	recomputed	324	1.20	38.8	7.0	0.163	0.925	1.20
111	rides	71	4.06	38.6	11.0	0.383	0.390	4.06
112	cites	114	3.61	38.6	9.6	0.314	0.474	3.61
113	flagging	193	2.83	38.4	8.2	0.238	0.620	2.83
114	restating	251	2.20	38.4	7.6	0.200	0.738	2.20
115	verbatim	171	3.07	38.3	8.5	0.256	0.575	3.07
116	symptom	116	3.64	38.2	9.5	0.312	0.468	3.64
117	refused	35	4.54	38.1	13.6	0.485	0.300	4.54
118	remedy	99	3.82	38.1	10.0	0.335	0.434	3.82
119	latent	155	3.27	38.1	8.7	0.270	0.537	3.27
120	honoured	113	3.70	38.0	9.6	0.316	0.457	3.70
121	drains	128	3.55	38.0	9.3	0.298	0.485	3.55
122	unrecognised	248	2.32	38.0	7.6	0.202	0.715	2.32
123	disagreement	119	3.66	37.8	9.5	0.308	0.464	3.66
124	unwired	327	1.45	37.7	7.0	0.162	0.878	1.45
125	folded	110	3.78	37.6	9.7	0.320	0.442	3.78
126	re-read	133	5.06	37.6	9.1	0.292	0.483	3.56
127	behavioural	157	3.32	37.6	8.7	0.268	0.528	3.32
128	outage	163	3.26	37.6	8.6	0.263	0.539	3.26
129	root-caused	213	4.28	37.5	7.9	0.224	0.629	2.78
130	surfaced	152	3.43	37.2	8.8	0.273	0.507	3.43
131	back-compat	384	1.54	37.2	6.7	0.139	1.000	0.80
132	merely	57	4.37	37.1	11.8	0.415	0.331	4.37
133	machinery	91	4.02	37.1	10.2	0.347	0.397	4.02
134	mid-flight	194	4.54	37.1	8.2	0.237	0.581	3.04
135	unmeasured	305	1.86	37.1	7.1	0.172	0.801	1.86
136	declines	144	3.53	37.0	8.9	0.281	0.489	3.53
137	incl	177	3.22	37.0	8.4	0.251	0.547	3.22
138	identically	225	2.76	37.0	7.8	0.216	0.633	2.76
139	untouched	158	3.42	36.9	8.7	0.267	0.509	3.42
140	disagreeing	212	2.90	36.9	8.0	0.225	0.607	2.90
141	grepped	392	0.00	36.8	6.6	0.136	1.000	0.80
142	forbids	192	3.13	36.7	8.2	0.239	0.564	3.13
143	precisely	81	4.20	36.4	10.6	0.364	0.363	4.20
144	bites	125	3.79	36.4	9.3	0.301	0.440	3.79
145	wall-clock	228	4.33	36.4	7.8	0.214	0.620	2.83
146	clobber	282	2.28	36.4	7.3	0.183	0.723	2.28
147	idiom	219	2.97	36.1	7.9	0.220	0.594	2.97
148	unverifiable	310	2.08	35.9	7.1	0.170	0.760	2.08
149	stamps	120	3.91	35.8	9.4	0.307	0.418	3.91
150	outranks	322	1.96	35.8	7.0	0.164	0.783	1.96
151	decides	95	4.16	35.5	10.1	0.341	0.371	4.16
152	argued	74	4.36	35.4	10.9	0.377	0.333	4.36
153	stranded	150	3.70	35.4	8.8	0.275	0.457	3.70
154	governs	214	3.15	35.4	7.9	0.223	0.560	3.15
155	caller	162	3.61	35.3	8.6	0.263	0.474	3.61
156	checkable	368	1.57	35.2	6.7	0.145	0.856	1.57
157	disagrees	208	3.25	35.1	8.0	0.227	0.541	3.25
158	unmodified	277	2.59	35.1	7.3	0.186	0.665	2.59
159	byte-identically	407	2.61	35.0	6.5	0.130	0.942	1.11
160	disagree	112	4.09	34.9	9.6	0.317	0.384	4.09
161	thirteen	135	3.89	34.9	9.1	0.290	0.421	3.89
162	withheld	199	3.36	34.9	8.1	0.234	0.521	3.36
163	re-reads	270	4.21	34.9	7.4	0.190	0.642	2.71
164	mid-run	215	4.74	34.8	7.9	0.223	0.543	3.24
165	unsatisfiable	394	1.35	34.8	6.6	0.135	0.897	1.35
166	walked	49	4.67	34.7	12.3	0.437	0.275	4.67
167	drained	164	3.69	34.7	8.6	0.262	0.459	3.69
168	knob	187	3.49	34.7	8.3	0.243	0.496	3.49
169	silently	180	3.58	34.5	8.4	0.248	0.479	3.58
170	widens	264	2.84	34.5	7.5	0.193	0.618	2.84
171	loses	117	4.11	34.4	9.5	0.311	0.380	4.11
172	verdicts	261	2.89	34.4	7.5	0.194	0.609	2.89
173	measured	101	4.25	34.3	9.9	0.332	0.354	4.25
174	vanished	167	3.72	34.3	8.5	0.259	0.453	3.72
175	sweep	137	3.97	34.2	9.1	0.288	0.406	3.97
176	reds	145	3.91	34.2	8.9	0.280	0.418	3.91
177	predating	329	2.27	34.2	7.0	0.161	0.725	2.27
178	landed	104	4.24	34.1	9.8	0.328	0.356	4.24
179	divergences	333	2.25	34.1	7.0	0.159	0.728	2.25
180	widening	206	3.44	34.0	8.0	0.229	0.506	3.44
181	unresolvable	386	1.65	34.0	6.7	0.138	0.841	1.65
182	decodes	360	1.99	33.9	6.8	0.148	0.777	1.99
183	holds	65	4.60	33.8	11.3	0.396	0.288	4.60
184	prose	178	3.72	33.7	8.4	0.250	0.453	3.72
185	disjoint	318	2.48	33.7	7.0	0.166	0.685	2.48
186	cited	105	4.29	33.6	9.8	0.326	0.346	4.29
187	reaches	122	4.16	33.6	9.4	0.305	0.371	4.16
188	demonstrably	290	2.78	33.6	7.2	0.179	0.629	2.78
189	consults	293	2.75	33.6	7.2	0.178	0.635	2.75
190	behaviour-preserving	353	3.64	33.6	6.8	0.151	0.749	2.14
191	repointed	431	1.19	33.6	6.4	0.122	0.927	1.19
192	stashed	273	2.95	33.5	7.4	0.188	0.597	2.95
193	hand-rolled	303	4.18	33.5	7.2	0.173	0.648	2.68
194	swallows	245	3.21	33.4	7.6	0.204	0.549	3.21
195	regen	332	2.41	33.4	7.0	0.160	0.699	2.41
196	whoever	93	4.42	33.3	10.2	0.344	0.322	4.42
197	worse	39	4.89	33.2	13.2	0.470	0.234	4.89
198	tripped	224	3.43	33.2	7.8	0.217	0.507	3.43
199	ratified	226	3.41	33.2	7.8	0.215	0.511	3.41
200	keyed	286	2.89	33.2	7.3	0.181	0.609	2.89
201	unbuilt	377	1.97	33.2	6.7	0.141	0.781	1.97
202	modelled	246	3.25	33.1	7.6	0.203	0.541	3.25
203	invariant	275	3.03	33.0	7.4	0.187	0.582	3.03
204	predicate	294	2.85	33.0	7.2	0.177	0.616	2.85
205	uncapped	334	2.47	33.0	6.9	0.159	0.687	2.47
206	filed	89	4.49	32.9	10.3	0.350	0.309	4.49
207	faithful	141	4.10	32.9	9.0	0.284	0.382	4.10
208	proves	146	4.06	32.9	8.9	0.279	0.390	4.06
209	round-2	210	5.08	32.9	8.0	0.226	0.479	3.58
210	ratchet	263	3.15	32.9	7.5	0.193	0.560	3.15
211	caveat	265	3.15	32.8	7.4	0.192	0.560	3.15
212	carried	56	4.77	32.7	11.8	0.417	0.257	4.77
213	obligation	149	4.07	32.7	8.8	0.276	0.388	4.07
214	shipped	156	4.03	32.6	8.7	0.269	0.395	4.03
215	buys	169	3.93	32.6	8.5	0.257	0.414	3.93
216	post-fix	267	4.67	32.6	7.4	0.191	0.556	3.17
217	staleness	414	1.70	32.6	6.5	0.128	0.831	1.70
218	guessed	200	3.72	32.5	8.1	0.233	0.453	3.72
219	whichever	207	3.70	32.3	8.0	0.228	0.457	3.70
220	re-checked	299	4.46	32.3	7.2	0.175	0.596	2.96
221	proven	121	4.33	32.2	9.4	0.306	0.339	4.33
222	corpus	217	3.64	32.2	7.9	0.221	0.468	3.64
223	no-ops	370	3.80	32.2	6.7	0.144	0.719	2.30
224	sibling	222	3.61	32.1	7.8	0.218	0.474	3.61
225	diverge	317	2.83	32.1	7.1	0.166	0.620	2.83
226	asserting	258	3.35	32.0	7.5	0.196	0.522	3.35
227	shortfall	297	3.02	32.0	7.2	0.176	0.584	3.02
228	fail-loud	326	4.27	32.0	7.0	0.162	0.631	2.77
229	materializes	387	2.17	32.0	6.6	0.137	0.743	2.17
230	hand-maintained	320	4.34	31.9	7.0	0.165	0.618	2.84
231	fleet-wide	331	4.24	31.9	7.0	0.160	0.637	2.74
232	sigkill	495	0.00	31.9	6.2	0.102	1.000	0.80
233	answerable	340	2.69	31.8	6.9	0.156	0.646	2.69
234	mutants	256	3.42	31.7	7.5	0.197	0.509	3.42
235	graded	254	3.45	31.6	7.5	0.198	0.504	3.45
236	fan-out	259	4.91	31.6	7.5	0.196	0.511	3.41
237	headroom	349	2.63	31.6	6.9	0.152	0.657	2.63
238	mutant	232	3.64	31.5	7.7	0.212	0.468	3.64
239	evicts	437	1.71	31.5	6.4	0.120	0.830	1.71
240	died	21	5.20	31.4	15.9	0.559	0.176	5.20
241	swallowed	233	3.64	31.4	7.7	0.211	0.468	3.64
242	contradicts	295	3.16	31.4	7.2	0.177	0.558	3.16
243	footgun	506	0.00	31.4	6.1	0.099	1.000	0.80
244	lands	129	4.37	31.3	9.2	0.296	0.331	4.37
245	reclaims	398	2.23	31.3	6.6	0.133	0.732	2.23
246	earns	249	3.56	31.2	7.6	0.201	0.483	3.56
247	hand-written	268	4.92	31.2	7.4	0.191	0.509	3.42
248	arms	67	4.82	31.1	11.2	0.391	0.247	4.82
249	discards	367	2.58	31.1	6.8	0.145	0.667	2.58
250	deduped	513	0.00	31.1	6.1	0.097	1.000	0.80
251	neighbour	237	3.69	30.9	7.7	0.208	0.459	3.69
252	honest	83	4.73	30.8	10.5	0.360	0.264	4.73
253	agrees	183	4.08	30.8	8.3	0.246	0.386	4.08
254	verdict	191	4.03	30.8	8.2	0.240	0.395	4.03
255	fall-through	257	5.06	30.8	7.5	0.197	0.483	3.56
256	reproduced	271	3.46	30.8	7.4	0.189	0.502	3.46
257	fabricated	269	3.51	30.6	7.4	0.190	0.493	3.51
258	iff	374	2.63	30.6	6.7	0.142	0.657	2.63
259	predated	390	2.46	30.6	6.6	0.136	0.689	2.46
260	invented	175	4.17	30.5	8.4	0.252	0.369	4.17
261	clobbered	405	2.34	30.5	6.6	0.131	0.712	2.34
262	mtime	526	0.00	30.5	6.1	0.093	1.000	0.80
263	recovers	304	3.27	30.4	7.1	0.172	0.537	3.27
264	drifts	341	2.98	30.4	6.9	0.156	0.592	2.98
265	twelve	151	4.35	30.3	8.8	0.274	0.335	4.35
266	divergence	319	3.17	30.3	7.0	0.165	0.556	3.17
267	round-trips	375	4.18	30.3	6.7	0.142	0.648	2.68
268	ruled	165	4.30	30.0	8.6	0.261	0.345	4.30
269	citing	221	3.94	30.0	7.9	0.219	0.412	3.94
270	re-confirmed	342	4.56	29.9	6.9	0.155	0.577	3.06
271	flips	316	3.29	29.8	7.1	0.167	0.534	3.29
272	whose	48	5.07	29.7	12.4	0.440	0.200	5.07
273	answered	168	4.32	29.7	8.5	0.258	0.341	4.32
274	forever	100	4.74	29.6	10.0	0.333	0.262	4.74
275	converged	371	2.91	29.5	6.7	0.144	0.605	2.91
276	predate	404	2.59	29.5	6.6	0.131	0.665	2.59
277	armed	131	4.59	29.2	9.2	0.294	0.290	4.59
278	re-runs	348	4.69	29.1	6.9	0.153	0.552	3.19
279	on-disk	423	4.01	29.1	6.5	0.125	0.680	2.51
280	absorbed	247	3.92	29.0	7.6	0.202	0.416	3.92
281	gains	197	4.25	28.9	8.1	0.235	0.354	4.25
282	trusting	279	3.72	28.9	7.3	0.185	0.453	3.72
283	arming	357	3.14	28.9	6.8	0.149	0.562	3.14
284	outlive	410	2.72	28.8	6.5	0.129	0.640	2.72
285	fourteen	260	3.88	28.7	7.5	0.195	0.423	3.88
286	tier-2	418	4.15	28.7	6.5	0.126	0.654	2.65
287	in-flight	338	4.86	28.6	6.9	0.157	0.521	3.36
288	hazard	250	3.98	28.5	7.6	0.201	0.404	3.98
289	decisive	278	3.80	28.5	7.3	0.185	0.438	3.80
290	asks	174	4.44	28.4	8.4	0.253	0.318	4.44
291	reap	321	3.53	28.4	7.0	0.164	0.489	3.53
292	cheap	126	4.71	28.3	9.3	0.300	0.268	4.71
293	declares	296	3.71	28.3	7.2	0.176	0.455	3.71
294	cross-checked	400	4.41	28.3	6.6	0.133	0.605	2.91
295	caller-supplied	487	3.52	28.3	6.2	0.104	0.772	2.02
296	dedupes	576	0.00	28.3	5.9	0.080	1.000	0.80
297	phase-2	379	4.62	28.2	6.7	0.140	0.566	3.12
298	opposite	147	4.62	28.1	8.9	0.278	0.285	4.62
299	retiring	288	3.80	28.1	7.3	0.180	0.438	3.80
300	held-out	301	5.21	28.1	7.2	0.174	0.455	3.71
301	faked	351	3.35	28.1	6.8	0.152	0.522	3.35
302	hand-authored	497	3.48	28.1	6.2	0.101	0.779	1.98
303	ladder	253	4.03	28.0	7.5	0.199	0.395	4.03
304	no-op	409	4.41	28.0	6.5	0.129	0.605	2.91
305	tolerates	440	2.62	28.0	6.4	0.119	0.659	2.62
306	enumerates	486	2.12	28.0	6.2	0.104	0.753	2.12
307	honestly	138	4.69	27.9	9.0	0.287	0.272	4.69
308	census	230	4.19	27.9	7.8	0.213	0.365	4.19
309	collided	369	3.26	27.9	6.7	0.144	0.539	3.26
310	dies	195	4.41	27.7	8.2	0.237	0.324	4.41
311	beside	234	4.19	27.7	7.7	0.210	0.365	4.19
312	stands	159	4.61	27.6	8.7	0.266	0.287	4.61
313	planted	266	4.04	27.5	7.4	0.192	0.393	4.04
314	froze	358	3.42	27.5	6.8	0.149	0.509	3.42
315	overstated	420	2.93	27.5	6.5	0.126	0.601	2.93
316	hiccup	421	2.91	27.5	6.5	0.125	0.605	2.91
317	standing	115	4.86	27.4	9.6	0.313	0.240	4.86
318	proved	188	4.48	27.4	8.2	0.242	0.311	4.48
319	diverges	480	2.37	27.4	6.2	0.106	0.706	2.37
320	gained	189	4.49	27.3	8.2	0.241	0.309	4.49
321	orthogonal	419	2.98	27.3	6.5	0.126	0.592	2.98
322	re-pointed	429	4.39	27.3	6.4	0.123	0.609	2.89
323	settled	201	4.44	27.2	8.1	0.232	0.318	4.44
324	flagged	382	3.31	27.2	6.7	0.139	0.530	3.31
325	pays	236	4.26	27.1	7.7	0.209	0.352	4.26
326	neighbours	302	3.87	27.1	7.2	0.173	0.425	3.87
327	round-1	346	5.08	27.1	6.9	0.154	0.479	3.58
328	400s	601	0.80	27.1	5.8	0.074	1.000	0.80
329	drove	220	4.36	27.0	7.9	0.219	0.333	4.36
330	priced	289	3.97	27.0	7.3	0.180	0.406	3.97
331	sanctioned	343	3.62	27.0	6.9	0.155	0.472	3.62
332	discarded	350	3.59	26.9	6.8	0.152	0.478	3.59
333	reconciles	501	2.27	26.9	6.2	0.100	0.725	2.27
334	harmless	323	3.79	26.8	7.0	0.164	0.440	3.79
335	replayed	452	2.80	26.8	6.3	0.115	0.625	2.80
336	leg	170	4.66	26.7	8.5	0.257	0.277	4.66
337	walks	235	4.32	26.7	7.7	0.210	0.341	4.32
338	drives	242	4.28	26.7	7.6	0.205	0.348	4.28
339	bare	262	4.18	26.7	7.5	0.194	0.367	4.18
340	widened	391	3.35	26.7	6.6	0.136	0.522	3.35
341	double-count	422	4.61	26.6	6.5	0.125	0.567	3.11
342	converges	477	2.62	26.6	6.2	0.107	0.659	2.62
343	twin	238	4.34	26.5	7.7	0.208	0.337	4.34
344	flipping	365	3.57	26.5	6.8	0.146	0.481	3.57
345	faithfully	406	3.27	26.5	6.6	0.130	0.537	3.27
346	steer	345	3.72	26.4	6.9	0.154	0.453	3.72
347	nine	134	4.87	26.3	9.1	0.291	0.238	4.87
348	sitting	139	4.86	26.2	9.0	0.286	0.240	4.86
349	fires	276	4.17	26.2	7.4	0.186	0.369	4.17
350	flipped	363	3.65	26.2	6.8	0.147	0.466	3.65
351	repointing	586	1.39	26.2	5.9	0.077	0.890	1.39
352	axioms	465	2.85	26.1	6.3	0.111	0.616	2.85
353	alone	79	5.16	26.0	10.7	0.367	0.184	5.16
354	consequence	300	4.07	26.0	7.2	0.174	0.388	4.07
355	differing	373	3.61	26.0	6.7	0.143	0.474	3.61
356	alike	292	4.13	25.9	7.2	0.178	0.376	4.13
357	gated	427	3.23	25.9	6.5	0.123	0.545	3.23
358	stamping	433	3.18	25.9	6.4	0.121	0.554	3.18
359	unfixed	545	2.05	25.9	6.0	0.088	0.766	2.05
360	threw	231	4.46	25.8	7.8	0.212	0.315	4.46
361	routinely	364	3.71	25.8	6.8	0.146	0.455	3.71
362	legs	190	4.67	25.7	8.2	0.240	0.275	4.67
363	benign	396	3.51	25.7	6.6	0.134	0.493	3.51
364	pre-refactor	635	1.88	25.6	5.7	0.066	1.000	0.80
365	fired	205	4.63	25.5	8.0	0.229	0.283	4.63
366	blind	227	4.52	25.5	7.8	0.215	0.303	4.52
367	re-running	413	4.93	25.5	6.5	0.128	0.507	3.43
368	misread	470	2.96	25.5	6.3	0.109	0.596	2.96
369	stayed	229	4.53	25.4	7.8	0.213	0.301	4.53
370	loser	328	4.01	25.4	7.0	0.161	0.399	4.01
371	crosses	352	3.86	25.4	6.8	0.151	0.427	3.86
372	judgement	356	3.86	25.3	6.8	0.150	0.427	3.86
373	substrate	388	3.64	25.3	6.6	0.137	0.468	3.64
374	recur	509	2.65	25.3	6.1	0.098	0.654	2.65
375	carry	153	4.89	25.2	8.8	0.272	0.234	4.89
376	somebody	173	4.80	25.2	8.5	0.254	0.251	4.80
377	neither	181	4.77	25.2	8.3	0.247	0.257	4.77
378	arriving	306	4.16	25.2	7.1	0.171	0.371	4.16
379	arrives	315	4.11	25.2	7.1	0.167	0.380	4.11
380	caught	154	4.90	25.1	8.8	0.271	0.232	4.90
381	keying	524	2.53	25.1	6.1	0.094	0.676	2.53
382	provable	531	2.48	25.1	6.0	0.092	0.685	2.48
383	claimed	216	4.64	25.0	7.9	0.222	0.281	4.64
384	sweeps	439	3.34	25.0	6.4	0.119	0.524	3.34
385	fold	330	4.08	24.9	7.0	0.160	0.386	4.08
386	dormant	432	3.41	24.9	6.4	0.122	0.511	3.41
387	mid-turn	458	4.70	24.9	6.3	0.113	0.551	3.20
388	distinguishable	498	2.87	24.9	6.2	0.101	0.612	2.87
389	round-trip	462	4.70	24.8	6.3	0.112	0.551	3.20
390	re-pin	514	4.23	24.8	6.1	0.096	0.639	2.73
391	escalated	435	3.44	24.7	6.4	0.121	0.506	3.44
392	reasoned	451	3.31	24.7	6.3	0.115	0.530	3.31
393	unreadable	529	2.62	24.7	6.1	0.092	0.659	2.62
394	demoted	488	3.04	24.6	6.2	0.104	0.581	3.04
395	mirroring	490	3.01	24.6	6.2	0.103	0.586	3.01
396	reworded	589	1.93	24.6	5.9	0.077	0.788	1.93
397	sixth	283	4.38	24.5	7.3	0.183	0.330	4.38
398	siblings	347	4.05	24.5	6.9	0.153	0.391	4.05
399	whole-branch	492	4.53	24.5	6.2	0.103	0.582	3.03
400	errored	643	1.18	24.4	5.7	0.064	0.929	1.18
401	nothing	25	5.55	24.3	15.1	0.534	0.110	5.55
402	fell	186	4.85	24.3	8.3	0.243	0.242	4.85
403	stays	314	4.26	24.3	7.1	0.168	0.352	4.26
404	contradiction	446	3.45	24.3	6.4	0.117	0.504	3.45
405	scored	239	4.63	24.2	7.7	0.207	0.283	4.63
406	mechanically	461	3.35	24.2	6.3	0.112	0.522	3.35
407	fourth	196	4.83	24.1	8.1	0.236	0.245	4.83
408	recognised	354	4.07	24.1	6.8	0.150	0.388	4.07
409	consulted	425	3.63	24.1	6.5	0.124	0.470	3.63
410	pristine	468	3.33	24.1	6.3	0.110	0.526	3.33
411	swept	380	3.94	24.0	6.7	0.140	0.412	3.94
412	unconditionally	491	3.16	24.0	6.2	0.103	0.558	3.16
413	orphans	456	3.48	23.8	6.3	0.114	0.498	3.48
414	refuse	307	4.39	23.7	7.1	0.171	0.328	4.39
415	lone	399	3.91	23.6	6.6	0.133	0.418	3.91
416	hand-off	416	5.29	23.6	6.5	0.127	0.440	3.79
417	re-checks	544	4.26	23.6	6.0	0.088	0.633	2.76
418	fifth	223	4.78	23.5	7.8	0.217	0.255	4.78
419	residual	459	3.52	23.5	6.3	0.113	0.491	3.52
420	unnoticed	474	3.42	23.5	6.3	0.108	0.509	3.42
421	pre-change	482	4.85	23.5	6.2	0.106	0.522	3.35
422	survivors	372	4.10	23.4	6.7	0.143	0.382	4.10
423	bit-for-bit	457	5.06	23.4	6.3	0.113	0.483	3.56
424	byte-stable	639	3.13	23.4	5.7	0.065	0.845	1.63
425	ships	284	4.55	23.3	7.3	0.182	0.298	4.55
426	data-loss	483	4.88	23.3	6.2	0.105	0.517	3.38
427	well-formed	511	4.66	23.3	6.1	0.097	0.558	3.16
428	floored	537	2.93	23.3	6.0	0.090	0.601	2.93
429	interleave	650	1.51	23.3	5.7	0.062	0.867	1.51
430	hung	359	4.21	23.2	6.8	0.148	0.361	4.21
431	torn	381	4.08	23.2	6.7	0.140	0.386	4.08
432	yields	415	3.89	23.2	6.5	0.127	0.421	3.89
433	unconditional	472	3.49	23.2	6.3	0.109	0.496	3.49
434	allow-list	494	4.82	23.2	6.2	0.102	0.528	3.32
435	re-ran	507	4.71	23.2	6.1	0.098	0.549	3.21
436	defensible	551	2.81	23.2	6.0	0.086	0.624	2.81
437	spends	408	3.95	23.1	6.5	0.130	0.410	3.95
438	per-turn	464	5.08	23.1	6.3	0.111	0.479	3.58
439	tolerated	469	3.54	23.1	6.3	0.110	0.487	3.54
440	steady-state	556	4.29	23.1	6.0	0.085	0.627	2.79
441	sidesteps	621	2.01	23.1	5.8	0.069	0.773	2.01
442	honesty	402	3.99	23.0	6.6	0.132	0.403	3.99
443	per-run	453	5.17	23.0	6.3	0.115	0.463	3.67
444	unproven	541	2.95	23.0	6.0	0.089	0.597	2.95
445	now-stale	629	3.43	23.0	5.7	0.067	0.788	1.93
446	dedup	694	0.00	23.0	5.6	0.053	1.000	0.80
447	leaves	243	4.79	22.8	7.6	0.205	0.253	4.79
448	sixteen	417	3.95	22.8	6.5	0.127	0.410	3.95
449	survive	309	4.52	22.7	7.1	0.170	0.303	4.52
450	hole	281	4.66	22.6	7.3	0.184	0.277	4.66
451	declined	378	4.21	22.6	6.7	0.141	0.361	4.21
452	bit-exact	554	4.45	22.6	6.0	0.085	0.597	2.95
453	counted	411	4.04	22.5	6.5	0.129	0.393	4.04
454	arrived	255	4.79	22.4	7.5	0.198	0.253	4.79
455	exempt	455	3.78	22.4	6.3	0.114	0.442	3.78
456	offered	240	4.86	22.3	7.7	0.207	0.240	4.86
457	drew	336	4.46	22.3	6.9	0.158	0.315	4.46
458	mid-session	562	4.47	22.3	5.9	0.083	0.594	2.97
459	empties	567	2.90	22.3	5.9	0.082	0.607	2.90
460	held	132	5.24	22.2	9.2	0.293	0.169	5.24
461	stranger	376	4.28	22.2	6.7	0.142	0.348	4.28
462	sits	395	4.18	22.2	6.6	0.134	0.367	4.18
463	wholesale	434	3.97	22.2	6.4	0.121	0.406	3.97
464	reaper	528	3.30	22.2	6.1	0.092	0.532	3.30
465	axiom	559	3.02	22.2	6.0	0.084	0.584	3.02
466	backs	412	4.10	22.1	6.5	0.128	0.382	4.10
467	incidental	530	3.31	22.1	6.0	0.092	0.530	3.31
468	per-pr	594	4.17	22.1	5.8	0.075	0.650	2.67
469	half	86	5.41	22.0	10.4	0.355	0.137	5.41
470	evict	568	2.97	22.0	5.9	0.082	0.594	2.97
471	sides	285	4.73	21.9	7.3	0.182	0.264	4.73
472	derives	523	3.42	21.9	6.1	0.094	0.509	3.42
473	deferral	608	2.60	21.9	5.8	0.072	0.663	2.60
474	admitted	344	4.49	21.8	6.9	0.154	0.309	4.49
475	handing	478	3.77	21.8	6.2	0.107	0.444	3.77
476	analogue	542	3.28	21.8	6.0	0.089	0.536	3.28
477	dropped	291	4.73	21.7	7.2	0.179	0.264	4.73
478	grounds	361	4.43	21.7	6.8	0.147	0.320	4.43
479	beats	403	4.22	21.7	6.6	0.132	0.360	4.22
480	awaits	512	3.55	21.7	6.1	0.097	0.485	3.55
481	argues	441	4.04	21.6	6.4	0.119	0.393	4.04
482	adversarial	593	2.84	21.6	5.8	0.076	0.618	2.84
483	says	73	5.49	21.5	10.9	0.379	0.122	5.49
484	worst	252	4.93	21.3	7.6	0.200	0.227	4.93
485	traced	489	3.80	21.3	6.2	0.104	0.438	3.80
486	worth	185	5.16	21.2	8.3	0.244	0.184	5.16
487	touches	463	3.98	21.2	6.3	0.111	0.404	3.98
488	out-of-band	547	4.90	21.2	6.0	0.087	0.513	3.40
489	brand-new	557	4.81	21.2	6.0	0.085	0.530	3.31
490	lived	272	4.88	21.1	7.4	0.188	0.236	4.88
491	in-process	500	5.26	21.1	6.2	0.100	0.446	3.76
492	honours	516	3.65	21.1	6.1	0.096	0.466	3.65
493	catches	479	3.93	21.0	6.2	0.107	0.414	3.93
494	pins	499	3.80	21.0	6.2	0.101	0.438	3.80
495	same-named	552	4.89	21.0	6.0	0.086	0.515	3.39
496	reconciled	578	3.18	21.0	5.9	0.079	0.554	3.18
497	recorded	337	4.66	20.9	6.9	0.157	0.277	4.66
498	stall	503	3.79	20.9	6.1	0.099	0.440	3.79
499	regresses	690	1.81	20.9	5.6	0.054	0.811	1.81
500	probe	476	3.99	20.8	6.2	0.107	0.403	3.99
501	read-side	517	5.22	20.8	6.1	0.096	0.453	3.72
502	retried	674	2.09	20.8	5.6	0.057	0.758	2.09
503	sees	362	4.59	20.7	6.8	0.147	0.290	4.59
504	echoes	539	3.59	20.7	6.0	0.089	0.478	3.59
505	criterion	555	3.46	20.7	6.0	0.085	0.502	3.46
506	reclaimed	569	3.33	20.7	5.9	0.082	0.526	3.33
507	moot	582	3.23	20.7	5.9	0.078	0.545	3.23
508	mid-stream	612	4.41	20.7	5.8	0.071	0.605	2.91
509	hand-edited	624	4.28	20.7	5.8	0.068	0.629	2.78
510	flag-gated	699	3.21	20.7	5.6	0.052	0.830	1.71
511	travels	473	4.05	20.6	6.3	0.108	0.391	4.05
512	hedge	520	3.74	20.6	6.1	0.095	0.449	3.74
513	emits	606	3.02	20.6	5.8	0.073	0.584	3.02
514	colliding	611	2.95	20.6	5.8	0.071	0.597	2.95
515	trap	426	4.33	20.5	6.5	0.124	0.339	4.33
516	self-heal	645	4.09	20.5	5.7	0.063	0.665	2.59
517	exactly	211	5.15	20.4	8.0	0.225	0.185	5.15
518	neighbouring	522	3.77	20.4	6.1	0.094	0.444	3.77
519	enumerated	632	2.80	20.4	5.7	0.066	0.625	2.80
520	advertises	634	2.77	20.4	5.7	0.066	0.631	2.77
521	promised	397	4.49	20.3	6.6	0.134	0.309	4.49
522	owns	454	4.21	20.3	6.3	0.114	0.361	4.21
523	separable	659	2.51	20.3	5.7	0.060	0.680	2.51
524	chasing	475	4.12	20.2	6.3	0.108	0.378	4.12
525	red-first	532	5.26	20.2	6.0	0.091	0.446	3.76
526	offending	573	3.43	20.2	5.9	0.081	0.507	3.43
527	superset	686	2.13	20.2	5.6	0.055	0.751	2.13
528	fed	401	4.51	20.1	6.6	0.132	0.305	4.51
529	discipline	460	4.23	20.1	6.3	0.112	0.358	4.23
530	narrowed	577	3.43	20.1	5.9	0.080	0.507	3.43
531	assumed	430	4.39	20.0	6.4	0.122	0.328	4.39
532	stamp	485	4.11	20.0	6.2	0.105	0.380	4.11
533	near-identical	652	4.18	20.0	5.7	0.062	0.648	2.68
534	residuals	665	2.51	20.0	5.7	0.059	0.680	2.51
535	legitimate	467	4.22	19.9	6.3	0.110	0.360	4.22
536	follow-on	560	5.13	19.9	6.0	0.084	0.470	3.63
537	raced	564	3.59	19.9	5.9	0.083	0.478	3.59
538	settle	442	4.37	19.8	6.4	0.118	0.331	4.37
539	parks	449	4.33	19.8	6.4	0.116	0.339	4.33
540	drain	496	4.07	19.8	6.2	0.102	0.388	4.07
541	unaffected	597	3.34	19.8	5.8	0.075	0.524	3.34
542	swallow	533	3.87	19.7	6.0	0.091	0.425	3.87
543	blast-radius	693	3.73	19.7	5.6	0.053	0.732	2.23
544	spine	525	3.93	19.6	6.1	0.093	0.414	3.93
545	mirrors	546	3.81	19.6	6.0	0.088	0.436	3.81
546	echoed	595	3.40	19.6	5.8	0.075	0.513	3.40
547	floor	312	4.94	19.5	7.1	0.169	0.225	4.94
548	apart	355	4.78	19.5	6.8	0.150	0.255	4.78
549	bite	466	4.31	19.5	6.3	0.111	0.343	4.31
550	wiped	540	3.86	19.5	6.0	0.089	0.427	3.86
551	summed	580	3.57	19.5	5.9	0.079	0.481	3.57
552	bakes	662	2.73	19.5	5.7	0.060	0.639	2.73
553	close-out	550	5.32	19.4	6.0	0.087	0.434	3.82
554	wipes	602	3.40	19.4	5.8	0.073	0.513	3.40
555	vanishing	617	3.27	19.4	5.8	0.070	0.537	3.27
556	fail-soft	657	4.34	19.4	5.7	0.061	0.618	2.84
557	weakened	566	3.73	19.3	5.9	0.082	0.451	3.73
558	unbounded	682	2.54	19.3	5.6	0.055	0.674	2.54
559	overwrote	752	1.30	19.3	5.4	0.041	0.906	1.30
560	drops	471	4.33	19.2	6.3	0.109	0.339	4.33
561	fifteen	505	4.14	19.2	6.1	0.099	0.375	4.14
562	hand-built	607	4.91	19.2	5.8	0.072	0.511	3.41
563	told	106	5.54	19.1	9.8	0.325	0.112	5.54
564	exemption	583	3.65	19.1	5.9	0.078	0.466	3.65
565	advertised	574	3.75	19.0	5.9	0.080	0.448	3.75
566	diverged	678	2.76	18.9	5.6	0.056	0.633	2.76
567	eight	311	5.02	18.8	7.1	0.169	0.210	5.02
568	leaked	543	4.00	18.8	6.0	0.088	0.401	4.00
569	per-line	591	5.17	18.8	5.9	0.076	0.463	3.67
570	sas	615	3.47	18.8	5.8	0.070	0.500	3.47
571	wedges	649	3.12	18.8	5.7	0.063	0.566	3.12
572	sequenced	670	2.87	18.8	5.6	0.058	0.612	2.87
573	answering	535	4.07	18.7	6.0	0.091	0.388	4.07
574	verb	588	3.72	18.7	5.9	0.077	0.453	3.72
575	billed	604	3.59	18.7	5.8	0.073	0.478	3.59
576	lives	280	5.14	18.6	7.3	0.184	0.187	5.14
577	stood	444	4.57	18.6	6.4	0.118	0.294	4.57
578	phantom	581	3.78	18.6	5.9	0.079	0.442	3.78
579	replays	654	3.15	18.6	5.7	0.061	0.560	3.15
580	repo-wide	755	3.09	18.6	5.4	0.041	0.852	1.59
581	walker	481	4.42	18.5	6.2	0.106	0.322	4.42
582	latch	637	3.34	18.5	5.7	0.065	0.524	3.34
583	launchctl	790	0.00	18.5	5.4	0.034	1.000	0.80
584	mechanical	502	4.33	18.4	6.1	0.100	0.339	4.33
585	seams	641	3.32	18.4	5.7	0.064	0.528	3.32
586	weaker	579	3.89	18.3	5.9	0.079	0.421	3.89
587	warns	598	3.73	18.3	5.8	0.074	0.451	3.73
588	degrade	648	3.28	18.3	5.7	0.063	0.536	3.28
589	inventing	651	3.27	18.3	5.7	0.062	0.537	3.27
590	conflated	712	2.49	18.3	5.5	0.049	0.684	2.49
591	vanish	644	3.39	18.1	5.7	0.064	0.515	3.39
592	stated	424	4.74	18.0	6.5	0.124	0.262	4.74
593	amendment	508	4.38	18.0	6.1	0.098	0.330	4.38
594	reproducing	680	3.04	18.0	5.6	0.056	0.581	3.04
595	kills	518	4.34	17.9	6.1	0.095	0.337	4.34
596	remembering	584	3.94	17.9	5.9	0.078	0.412	3.94
597	per-call	619	5.18	17.9	5.8	0.069	0.461	3.68
598	lockstep	736	2.28	17.9	5.5	0.044	0.723	2.28
599	grepping	801	0.00	17.9	5.3	0.032	1.000	0.80
600	grew	447	4.69	17.8	6.4	0.117	0.272	4.69
601	retired	504	4.44	17.8	6.1	0.099	0.318	4.44
602	empirical	628	3.62	17.8	5.8	0.067	0.472	3.62
603	wins	450	4.70	17.7	6.4	0.116	0.270	4.70
604	absent	585	3.98	17.7	5.9	0.078	0.404	3.98
605	plausible	630	3.64	17.7	5.7	0.067	0.468	3.64
606	exempts	729	2.49	17.7	5.5	0.046	0.684	2.49
607	burned	536	4.31	17.6	6.0	0.090	0.343	4.31
608	back-to-back	549	5.73	17.6	6.0	0.087	0.358	4.23
609	attributable	668	3.31	17.6	5.6	0.058	0.530	3.31
610	payoff	673	3.25	17.6	5.6	0.057	0.541	3.25
611	ever	96	5.66	17.5	10.1	0.339	0.090	5.66
612	knowing	445	4.76	17.4	6.4	0.117	0.258	4.76
613	read-modify-write	749	3.76	17.4	5.5	0.042	0.727	2.26
614	hard-fails	724	4.24	17.3	5.5	0.047	0.637	2.74
615	asked	274	5.30	17.2	7.4	0.187	0.157	5.30
616	reads	563	4.25	17.2	5.9	0.083	0.354	4.25
617	flip	570	4.20	17.2	5.9	0.081	0.363	4.20
618	grounded	622	3.84	17.2	5.8	0.069	0.431	3.84
619	cross-model	685	4.76	17.2	5.6	0.055	0.539	3.26
620	fail-safe	708	4.48	17.2	5.5	0.050	0.592	2.98
621	buried	538	4.40	17.1	6.0	0.090	0.326	4.40
622	belongs	565	4.24	17.1	5.9	0.083	0.356	4.24
623	theirs	610	3.96	17.1	5.8	0.072	0.408	3.96
624	cap	521	4.51	17.0	6.1	0.094	0.305	4.51
625	resumed	640	3.76	17.0	5.7	0.065	0.446	3.76
626	re-check	671	4.97	17.0	5.6	0.058	0.500	3.47
627	lie	443	4.84	16.9	6.4	0.118	0.243	4.84
628	stating	590	4.15	16.9	5.9	0.076	0.373	4.15
629	diagnosed	605	4.05	16.9	5.8	0.073	0.391	4.05
630	envelope	631	3.86	16.9	5.7	0.067	0.427	3.86
631	tonight	393	5.03	16.8	6.6	0.135	0.208	5.03
632	twins	592	4.15	16.8	5.9	0.076	0.373	4.15
633	read-back	627	5.42	16.8	5.8	0.068	0.416	3.92
634	defeating	658	3.65	16.8	5.7	0.061	0.466	3.65
635	best-effort	687	4.87	16.8	5.6	0.054	0.519	3.37
636	behavior-preserving	768	3.68	16.8	5.4	0.038	0.742	2.18
637	rather	287	5.32	16.7	7.3	0.181	0.154	5.32
638	shape	484	4.72	16.7	6.2	0.105	0.266	4.72
639	touched	571	4.30	16.7	5.9	0.081	0.345	4.30
640	trade-off	672	5.06	16.7	5.6	0.058	0.483	3.56
641	demotion	741	2.70	16.7	5.5	0.043	0.644	2.70
642	walk	383	5.08	16.6	6.7	0.139	0.199	5.08
643	stops	558	4.40	16.6	6.0	0.084	0.326	4.40
644	ours	599	4.16	16.6	5.8	0.074	0.371	4.16
645	filing	614	4.05	16.6	5.8	0.071	0.391	4.05
646	seven	389	5.08	16.5	6.6	0.137	0.199	5.08
647	silent	553	4.45	16.5	6.0	0.086	0.316	4.45
648	stand-in	669	5.14	16.5	5.6	0.058	0.468	3.64
649	binds	696	3.38	16.5	5.6	0.052	0.517	3.38
650	collide	704	3.29	16.5	5.6	0.051	0.534	3.29
651	composes	758	2.51	16.5	5.4	0.040	0.680	2.51
652	env-var	820	2.57	16.5	5.3	0.029	0.949	1.07
653	dispatched	675	3.61	16.4	5.6	0.057	0.474	3.61
654	threaded	711	3.23	16.4	5.5	0.049	0.545	3.23
655	blip	730	2.97	16.4	5.5	0.046	0.594	2.97
656	gone	366	5.17	16.3	6.8	0.146	0.182	5.17
657	taught	510	4.68	16.3	6.1	0.097	0.273	4.68
658	steady	587	4.31	16.3	5.9	0.077	0.343	4.31
659	identical	603	4.21	16.3	5.8	0.073	0.361	4.21
660	dial	642	3.93	16.3	5.7	0.064	0.414	3.93
661	doc-comment	750	4.25	16.3	5.5	0.042	0.635	2.75
662	trusts	661	3.80	16.2	5.7	0.060	0.438	3.80
663	destroys	676	3.67	16.2	5.6	0.057	0.463	3.67
664	unattended	721	3.18	16.2	5.5	0.047	0.554	3.18
665	denominator	728	3.13	16.1	5.5	0.046	0.564	3.13
666	clobbers	812	1.53	16.1	5.3	0.030	0.863	1.53
667	matters	515	4.72	16.0	6.1	0.096	0.266	4.72
668	in-tree	713	4.85	16.0	5.5	0.049	0.522	3.35
669	twenty	534	4.65	15.9	6.0	0.091	0.279	4.65
670	one-line	653	5.45	15.9	5.7	0.062	0.410	3.95
671	retracted	739	3.05	15.9	5.5	0.044	0.579	3.05
672	reconcile	705	3.50	15.8	5.6	0.051	0.494	3.50
673	superseded	732	3.17	15.8	5.5	0.045	0.556	3.17
674	tobe	773	2.57	15.8	5.4	0.037	0.669	2.57
675	straight	438	5.04	15.7	6.4	0.120	0.206	5.04
676	hypothetical	698	3.61	15.7	5.6	0.052	0.474	3.61
677	forgets	717	3.41	15.7	5.5	0.048	0.511	3.41
678	tripping	710	3.52	15.6	5.5	0.050	0.491	3.52
679	levers	744	3.11	15.6	5.5	0.043	0.567	3.11
680	orphan	707	3.58	15.5	5.5	0.050	0.479	3.58
681	teeth	572	4.58	15.4	5.9	0.081	0.292	4.58
682	falsely	709	3.61	15.4	5.5	0.050	0.474	3.61
683	tier-1	779	4.15	15.4	5.4	0.036	0.654	2.65
684	shaped	618	4.38	15.2	5.8	0.070	0.330	4.38
685	adopts	743	3.26	15.2	5.5	0.043	0.539	3.26
686	invents	780	2.71	15.2	5.4	0.036	0.642	2.71
687	nulled	824	1.73	15.2	5.3	0.028	0.826	1.73
688	per-key	731	4.95	15.1	5.5	0.045	0.504	3.45
689	struck	616	4.42	15.0	5.8	0.070	0.322	4.42
690	dated	638	4.29	15.0	5.7	0.065	0.346	4.29
691	baked	688	3.92	15.0	5.6	0.054	0.416	3.92
692	cheapest	706	3.75	15.0	5.6	0.050	0.448	3.75
693	collapses	740	3.37	15.0	5.5	0.044	0.519	3.37
694	root-cause	776	4.36	15.0	5.4	0.037	0.614	2.86
695	whole	298	5.46	14.9	7.2	0.175	0.127	5.46
696	holding	519	4.89	14.9	6.1	0.095	0.234	4.89
697	misses	701	3.85	14.9	5.6	0.051	0.429	3.85
698	six	385	5.29	14.8	6.7	0.138	0.159	5.29
699	roughly	636	4.36	14.8	5.7	0.066	0.333	4.36
700	honors	702	3.86	14.8	5.6	0.051	0.427	3.86
701	rejects	722	3.67	14.8	5.5	0.047	0.463	3.67
702	re-run	734	5.04	14.8	5.5	0.045	0.487	3.54
703	fence	660	4.21	14.7	5.7	0.060	0.361	4.21
704	converge	761	3.23	14.7	5.4	0.040	0.545	3.23
705	gate	626	4.47	14.6	5.8	0.068	0.313	4.47
706	cross-check	756	4.83	14.6	5.4	0.040	0.526	3.33
707	five	325	5.45	14.5	7.0	0.163	0.129	5.45
708	choke	727	3.72	14.5	5.5	0.046	0.453	3.72
709	deferred	742	3.54	14.5	5.5	0.043	0.487	3.54
710	unset	835	1.82	14.5	5.3	0.026	0.809	1.82
711	firing	663	4.27	14.4	5.7	0.059	0.350	4.27
712	three-way	689	5.58	14.4	5.6	0.054	0.386	4.08
713	freshly	738	3.61	14.4	5.5	0.044	0.474	3.61
714	declared	623	4.55	14.3	5.8	0.069	0.298	4.55
715	ties	655	4.35	14.3	5.7	0.061	0.335	4.35
716	re-fire	754	4.96	14.3	5.4	0.041	0.502	3.46
717	fable	775	3.16	14.3	5.4	0.037	0.558	3.16
718	per-session	778	4.65	14.3	5.4	0.036	0.560	3.15
719	arity	849	1.56	14.3	5.3	0.024	0.858	1.56
720	literally	548	4.91	14.2	6.0	0.087	0.230	4.91
721	classifier	807	2.66	14.2	5.3	0.031	0.652	2.66
722	lifted	697	4.10	14.1	5.6	0.052	0.382	4.10
723	attributed	703	4.05	14.1	5.6	0.051	0.391	4.05
724	emitted	770	3.32	14.1	5.4	0.038	0.528	3.32
725	process-wide	777	4.78	14.0	5.4	0.037	0.536	3.28
726	bound	656	4.46	13.9	5.7	0.061	0.315	4.46
727	discrimination	677	4.31	13.9	5.6	0.056	0.343	4.31
728	-rn	745	3.71	13.9	5.5	0.043	0.455	3.71
729	counterpart	746	3.70	13.9	5.5	0.042	0.457	3.70
730	capped	748	3.67	13.9	5.5	0.042	0.463	3.67
731	gotcha	771	3.38	13.9	5.4	0.038	0.517	3.38
732	acted	684	4.28	13.8	5.6	0.055	0.348	4.28
733	omits	815	2.71	13.8	5.3	0.030	0.642	2.71
734	grown	625	4.67	13.7	5.8	0.068	0.275	4.67
735	lane	647	4.57	13.6	5.7	0.063	0.294	4.57
736	honored	716	4.10	13.6	5.5	0.048	0.382	4.10
737	tally	764	3.62	13.6	5.4	0.039	0.472	3.62
738	substituted	774	3.47	13.6	5.4	0.037	0.500	3.47
739	observes	785	3.32	13.6	5.4	0.035	0.528	3.32
740	narrower	788	3.29	13.6	5.4	0.034	0.534	3.29
741	reached	596	4.85	13.5	5.8	0.075	0.242	4.85
742	hop	681	4.40	13.5	5.6	0.056	0.326	4.40
743	absorbs	797	3.18	13.5	5.4	0.033	0.554	3.18
744	preamble	813	2.87	13.5	5.3	0.030	0.612	2.87
745	wakes	765	3.68	13.4	5.4	0.039	0.461	3.68
746	lossless	828	2.64	13.4	5.3	0.027	0.655	2.64
747	land	493	5.22	13.3	6.2	0.102	0.172	5.22
748	corrupt	720	4.14	13.3	5.5	0.048	0.375	4.14
749	bead	784	3.44	13.3	5.4	0.035	0.506	3.44
750	default-off	823	4.28	13.3	5.3	0.028	0.629	2.78
751	pruned	834	2.57	13.3	5.3	0.026	0.669	2.57
752	corpora	842	2.36	13.3	5.3	0.025	0.708	2.36
753	finding	609	4.85	13.2	5.8	0.072	0.242	4.85
754	cheaper	714	4.22	13.2	5.5	0.049	0.360	4.22
755	fitted	726	4.13	13.2	5.5	0.046	0.376	4.13
756	forged	766	3.72	13.2	5.4	0.039	0.453	3.72
757	rewritten	805	3.19	13.2	5.3	0.031	0.552	3.19
758	cadence	809	3.12	13.2	5.3	0.031	0.566	3.12
759	prescribed	753	3.91	13.1	5.4	0.041	0.418	3.91
760	scrub	772	3.69	13.1	5.4	0.037	0.459	3.69
761	soundness	837	2.56	13.1	5.3	0.026	0.670	2.56
762	reclaim	796	3.44	12.9	5.4	0.033	0.506	3.44
763	scrubbed	821	3.01	12.9	5.3	0.029	0.586	3.01
764	tie-break	826	4.43	12.9	5.3	0.028	0.601	2.93
765	wire-format	838	4.15	12.9	5.3	0.026	0.654	2.65
766	falsification	844	2.51	12.9	5.3	0.025	0.680	2.51
767	bought	613	4.91	12.8	5.8	0.071	0.230	4.91
768	believed	646	4.75	12.8	5.7	0.063	0.260	4.75
769	strand	783	3.68	12.8	5.4	0.035	0.461	3.68
770	bogus	799	3.43	12.8	5.4	0.032	0.507	3.43
771	stalled	804	3.37	12.8	5.3	0.032	0.519	3.37
772	collides	845	2.54	12.8	5.3	0.024	0.674	2.54
773	re-validated	868	3.37	12.8	5.2	0.020	0.800	1.87
774	witness	691	4.52	12.7	5.6	0.054	0.303	4.52
775	framing	792	3.58	12.7	5.4	0.034	0.479	3.58
776	emitter	832	2.90	12.7	5.3	0.027	0.607	2.90
777	already-shipped	848	4.02	12.7	5.3	0.024	0.678	2.52
778	killed	527	5.22	12.6	6.1	0.093	0.172	5.22
779	exhausted	751	4.08	12.6	5.5	0.041	0.386	4.08
780	process-global	816	4.78	12.6	5.3	0.029	0.536	3.28
781	polled	818	3.23	12.6	5.3	0.029	0.545	3.23
782	sole	733	4.29	12.5	5.5	0.045	0.346	4.29
783	rider	763	4.02	12.5	5.4	0.039	0.397	4.02
784	durability	806	3.45	12.5	5.3	0.031	0.504	3.45
785	hands	561	5.16	12.4	5.9	0.084	0.184	5.16
786	honour	725	4.37	12.4	5.5	0.047	0.331	4.37
787	survivor	769	4.00	12.3	5.4	0.038	0.401	4.00
788	short-circuit	841	4.41	12.3	5.3	0.025	0.605	2.91
789	gap	718	4.47	12.2	5.5	0.048	0.313	4.47
790	resurrect	836	3.06	12.2	5.3	0.026	0.577	3.06
791	unfiltered	847	2.86	12.2	5.3	0.024	0.614	2.86
792	stashing	865	2.33	12.2	5.2	0.021	0.713	2.33
793	unblocks	892	1.37	12.2	5.2	0.017	0.893	1.37
794	paying	679	4.75	12.1	5.6	0.056	0.260	4.75
795	vocabulary	793	3.82	12.1	5.4	0.034	0.434	3.82
796	prunes	858	2.64	12.1	5.2	0.022	0.655	2.64
797	crossing	747	4.33	12.0	5.5	0.042	0.339	4.33
798	call-site	814	5.04	12.0	5.3	0.030	0.487	3.54
799	recovered	757	4.25	11.9	5.4	0.040	0.354	4.25
800	leaf	762	4.22	11.9	5.4	0.039	0.360	4.22
801	four	428	5.53	11.8	6.4	0.123	0.114	5.53
802	came	448	5.50	11.8	6.4	0.116	0.120	5.50
803	green	600	5.13	11.8	5.8	0.074	0.189	5.13
804	drift	802	3.82	11.8	5.3	0.032	0.434	3.82
805	evicted	833	3.35	11.8	5.3	0.026	0.522	3.35
806	ablation	859	2.77	11.8	5.2	0.022	0.631	2.77
807	dropping	759	4.33	11.6	5.4	0.040	0.339	4.33
808	literal	811	3.77	11.6	5.3	0.030	0.444	3.77
809	wrongly	831	3.46	11.6	5.3	0.027	0.502	3.46
810	precedes	854	3.02	11.6	5.2	0.023	0.584	3.02
811	marginal	819	3.71	11.5	5.3	0.029	0.455	3.71
812	narrows	851	3.13	11.5	5.3	0.023	0.564	3.13
813	pre-existing	855	4.54	11.5	5.2	0.023	0.581	3.04
814	one-sided	876	3.94	11.5	5.2	0.019	0.693	2.44
815	lossy	880	2.35	11.5	5.2	0.019	0.710	2.35
816	burst	787	4.15	11.4	5.4	0.035	0.373	4.15
817	raises	794	4.05	11.4	5.4	0.033	0.391	4.05
818	matched	800	4.01	11.4	5.3	0.032	0.399	4.01
819	never	127	5.91	11.3	9.3	0.299	0.043	5.91
820	accident	719	4.71	11.3	5.5	0.048	0.268	4.71
821	repoints	916	0.00	11.3	5.1	0.013	1.000	0.80
822	band	683	4.92	11.2	5.6	0.055	0.228	4.92
823	judgment	781	4.28	11.2	5.4	0.036	0.348	4.28
824	mid-sentence	867	4.38	11.2	5.2	0.021	0.610	2.88
825	default-on	870	4.29	11.2	5.2	0.020	0.627	2.79
826	riding	760	4.49	11.1	5.4	0.040	0.309	4.49
827	directions	789	4.23	11.1	5.4	0.034	0.358	4.23
828	permanently	803	4.08	11.1	5.3	0.032	0.386	4.08
829	callers	862	3.10	11.1	5.2	0.021	0.569	3.10
830	net-new	857	4.75	11.0	5.2	0.022	0.541	3.25
831	classifies	874	2.82	11.0	5.2	0.019	0.622	2.82
832	knew	633	5.20	10.8	5.7	0.066	0.176	5.20
833	untagged	903	1.93	10.8	5.2	0.015	0.788	1.93
834	sigterm	922	0.00	10.8	5.1	0.012	1.000	0.80
835	onto	735	4.77	10.7	5.5	0.045	0.257	4.77
836	ordinary	782	4.42	10.7	5.4	0.036	0.322	4.42
837	worst-case	860	4.84	10.7	5.2	0.022	0.524	3.34
838	deserves	795	4.34	10.6	5.4	0.033	0.337	4.34
839	residue	853	3.53	10.6	5.2	0.023	0.489	3.53
840	sub-second	872	4.62	10.6	5.2	0.020	0.566	3.12
841	flaked	893	2.55	10.5	5.2	0.016	0.672	2.55
842	driving	723	4.90	10.4	5.5	0.047	0.232	4.90
843	speaks	791	4.43	10.4	5.4	0.034	0.320	4.43
844	weigh	830	3.99	10.4	5.3	0.027	0.403	3.99
845	doc-only	885	4.35	10.4	5.2	0.018	0.616	2.85
846	draws	829	4.10	10.2	5.3	0.027	0.382	4.10
847	re-verify	906	3.86	10.1	5.2	0.014	0.708	2.36
848	saying	620	5.37	10.0	5.8	0.069	0.144	5.37
849	spelled	856	3.79	10.0	5.2	0.023	0.440	3.79
850	fakes	882	3.23	10.0	5.2	0.018	0.545	3.23
851	floors	843	4.04	9.9	5.3	0.025	0.393	4.04
852	fail-open	890	4.56	9.9	5.2	0.017	0.577	3.06
853	trivially	910	2.30	9.9	5.1	0.014	0.719	2.30
854	additively	921	1.79	9.9	5.1	0.012	0.815	1.79
855	went	575	5.50	9.8	5.9	0.080	0.120	5.50
856	happened	692	5.20	9.7	5.6	0.053	0.176	5.20
857	itself	715	5.10	9.7	5.5	0.049	0.195	5.10
858	absorb	861	3.81	9.7	5.2	0.022	0.436	3.81
859	pair	786	4.72	9.6	5.4	0.035	0.266	4.72
860	grows	840	4.18	9.6	5.3	0.025	0.367	4.18
861	folding	871	3.70	9.6	5.2	0.020	0.457	3.70
862	narrowing	889	3.25	9.6	5.2	0.017	0.541	3.25
863	knows	737	5.07	9.4	5.5	0.044	0.200	5.07
864	sit	767	4.90	9.4	5.4	0.038	0.232	4.90
865	sat	808	4.64	9.3	5.3	0.031	0.281	4.64
866	defence	822	4.51	9.3	5.3	0.028	0.305	4.51
867	started_at	942	0.00	9.3	5.1	0.009	1.000	0.80
868	slipped	866	3.99	9.2	5.2	0.021	0.403	3.99
869	additive	894	3.33	9.2	5.2	0.016	0.526	3.33
870	early-returns	905	4.54	9.2	5.2	0.014	0.581	3.04
871	discriminator	930	1.80	9.2	5.1	0.011	0.813	1.80
872	coarse	895	3.41	9.1	5.2	0.016	0.511	3.41
873	all-zero	904	4.62	9.1	5.2	0.015	0.566	3.12
874	vocabularies	920	2.47	9.1	5.1	0.012	0.687	2.47
875	rejected	846	4.37	9.0	5.3	0.024	0.331	4.37
876	every	436	5.79	8.9	6.4	0.120	0.066	5.79
877	twice	798	4.84	8.9	5.4	0.033	0.243	4.84
878	reaching	839	4.46	8.9	5.3	0.025	0.315	4.46
879	bookkeeping	912	2.99	8.9	5.1	0.013	0.590	2.99
880	mutates	928	2.23	8.9	5.1	0.011	0.732	2.23
881	arm	817	4.73	8.8	5.3	0.029	0.264	4.73
882	treats	878	4.06	8.6	5.2	0.019	0.390	4.06
883	full-suite	924	4.16	8.6	5.1	0.011	0.652	2.66
884	dangling	911	3.29	8.5	5.1	0.013	0.534	3.29
885	teaches	887	3.95	8.4	5.2	0.017	0.410	3.95
886	frozen	873	4.32	8.2	5.2	0.020	0.341	4.32
887	today	666	5.55	8.1	5.6	0.059	0.110	5.55
888	owning	899	3.84	8.1	5.2	0.015	0.431	3.84
889	labelled	908	3.62	8.1	5.1	0.014	0.472	3.62
890	cold	810	5.02	8.0	5.3	0.031	0.210	5.02
891	tail	877	4.34	8.0	5.2	0.019	0.337	4.34
892	still-open	902	5.35	8.0	5.2	0.015	0.429	3.85
893	enclosing	931	2.84	8.0	5.1	0.010	0.618	2.84
894	reach	825	4.94	7.9	5.3	0.028	0.225	4.94
895	dominated	888	4.18	7.9	5.2	0.017	0.367	4.18
896	keystone	917	3.45	7.9	5.1	0.013	0.504	3.45
897	frees	926	3.18	7.9	5.1	0.011	0.554	3.18
898	unpatched	947	1.88	7.9	5.1	0.008	0.798	1.88
899	wake	850	4.76	7.8	5.3	0.024	0.258	4.76
900	hand-edit	935	4.27	7.8	5.1	0.010	0.631	2.77
901	adopted	875	4.51	7.7	5.2	0.019	0.305	4.51
902	on-device	929	4.67	7.7	5.1	0.011	0.556	3.17
903	follow-ups	936	4.34	7.7	5.1	0.010	0.618	2.84
904	happily	900	4.11	7.6	5.2	0.015	0.380	4.11
905	seq	932	3.09	7.6	5.1	0.010	0.571	3.09
906	drawn	881	4.53	7.4	5.2	0.018	0.301	4.53
907	traps	918	3.76	7.4	5.1	0.012	0.446	3.76
908	victim	883	4.56	7.3	5.2	0.018	0.296	4.56
909	confined	919	3.82	7.3	5.1	0.012	0.434	3.82
910	supplies	891	4.48	7.2	5.2	0.017	0.311	4.48
911	differs	927	3.66	7.1	5.1	0.011	0.464	3.66
912	app-side	937	4.77	7.1	5.1	0.009	0.537	3.27
913	regressing	954	2.23	7.1	5.1	0.007	0.732	2.23
914	sites	879	4.74	7.0	5.2	0.019	0.262	4.74
915	pure	886	4.64	7.0	5.2	0.018	0.281	4.64
916	fresh-context	946	4.42	7.0	5.1	0.008	0.603	2.92
917	overclaim	967	0.00	7.0	5.1	0.005	1.000	0.80
918	anywhere	884	4.71	6.9	5.2	0.018	0.268	4.71
919	dominates	938	3.40	6.9	5.1	0.009	0.513	3.40
920	vendored	968	0.00	6.9	5.1	0.005	1.000	0.80
921	substance	914	4.23	6.8	5.1	0.013	0.358	4.23
922	leans	943	3.27	6.8	5.1	0.008	0.537	3.27
923	uniformly	944	3.19	6.8	5.1	0.008	0.552	3.19
924	against	700	5.68	6.7	5.6	0.052	0.086	5.68
925	arrive	909	4.38	6.7	5.1	0.014	0.330	4.38
926	ten	864	5.05	6.6	5.2	0.021	0.204	5.05
927	predicted	923	4.12	6.6	5.1	0.012	0.378	4.12
928	artefact	955	2.70	6.6	5.1	0.007	0.644	2.70
929	-prefixed	956	2.55	6.6	5.1	0.007	0.672	2.55
930	withdrawn	933	3.90	6.5	5.1	0.010	0.419	3.90
931	red-team	939	5.16	6.5	5.1	0.009	0.464	3.66
932	tells	896	4.78	6.4	5.2	0.016	0.255	4.78
933	guard	898	4.73	6.4	5.2	0.016	0.264	4.73
934	three	667	5.78	6.3	5.6	0.059	0.067	5.78
935	own	695	5.74	6.3	5.6	0.053	0.075	5.74
936	watched	901	4.72	6.3	5.2	0.015	0.266	4.72
937	degenerate	950	3.33	6.3	5.1	0.007	0.526	3.33
938	said	335	6.01	6.2	6.9	0.158	0.024	6.01
939	precondition	960	2.63	6.2	5.1	0.006	0.657	2.63
940	became	869	5.15	6.1	5.2	0.020	0.185	5.15
941	unscoped	975	0.00	6.1	5.0	0.004	1.000	0.80
942	judge	897	4.95	5.9	5.2	0.016	0.223	4.95
943	mutated	958	3.10	5.9	5.1	0.006	0.569	3.10
944	spurious	961	2.96	5.9	5.1	0.006	0.596	2.96
945	ride	907	4.85	5.8	5.2	0.014	0.242	4.85
946	deciding	940	4.11	5.8	5.1	0.009	0.380	4.11
947	drafted	948	3.91	5.7	5.1	0.008	0.418	3.91
948	dominant	941	4.23	5.6	5.1	0.009	0.358	4.23
949	wrong	863	5.39	5.5	5.2	0.021	0.140	5.39
950	racing	934	4.50	5.5	5.1	0.010	0.307	4.50
951	demotes	976	1.55	5.5	5.0	0.004	0.860	1.55
952	claim	915	4.95	5.4	5.1	0.013	0.223	4.95
953	one-shot	957	5.20	5.4	5.1	0.006	0.457	3.70
954	re-reading	962	4.88	5.4	5.1	0.006	0.517	3.38
955	unmarked	963	3.24	5.4	5.1	0.005	0.543	3.24
956	hostile	952	4.07	5.3	5.1	0.007	0.388	4.07
957	host-side	966	4.70	5.3	5.1	0.005	0.551	3.20
958	corrupts	971	2.68	5.3	5.0	0.004	0.648	2.68
959	interleaved	974	2.26	5.3	5.0	0.004	0.727	2.26
960	repaired	959	3.77	5.2	5.1	0.006	0.444	3.77
961	false-positive	970	4.47	5.1	5.0	0.004	0.594	2.97
962	accumulator	972	2.70	5.1	5.0	0.004	0.644	2.70
963	puts	945	4.53	5.0	5.1	0.008	0.301	4.53
964	afterwards	951	4.42	4.8	5.1	0.007	0.322	4.42
965	resting	965	3.89	4.7	5.1	0.005	0.421	3.89
966	suppresses	977	2.75	4.6	5.0	0.003	0.635	2.75
967	resolvable	982	1.79	4.6	5.0	0.003	0.815	1.79
968	third	913	5.32	4.5	5.1	0.013	0.154	5.32
969	sustained	964	4.19	4.4	5.1	0.005	0.365	4.19
970	gitignored	987	0.00	4.4	5.0	0.002	1.000	0.80
971	fresh	949	4.83	4.3	5.1	0.008	0.245	4.83
972	relaunch	980	2.91	4.2	5.0	0.003	0.605	2.91
973	stay	925	5.33	4.1	5.1	0.011	0.152	5.33
974	proving	973	4.00	4.0	5.0	0.004	0.401	4.00
975	hermetic	986	2.56	3.7	5.0	0.002	0.670	2.56
976	poisoned	981	3.58	3.6	5.0	0.003	0.479	3.58
977	miss	953	5.22	3.5	5.1	0.007	0.172	5.22
978	mistaken	979	3.98	3.5	5.0	0.003	0.404	3.98
979	unclassified	989	2.79	3.2	5.0	0.002	0.627	2.79
980	bails	990	2.56	3.1	5.0	0.001	0.670	2.56
981	lying	978	4.67	3.0	5.0	0.003	0.275	4.67
982	warned	983	4.18	3.0	5.0	0.002	0.367	4.18
983	guessing	985	3.94	3.0	5.0	0.002	0.412	3.94
984	vestigial	991	2.47	3.0	5.0	0.001	0.687	2.47
985	turn	969	5.32	2.6	5.1	0.005	0.154	5.32
986	pooled	992	2.98	2.6	5.0	0.001	0.592	2.98
987	hundred	984	4.71	2.5	5.0	0.002	0.268	4.71
988	-only	339	6.12	2.4	6.9	0.157	0.004	6.12
989	producer	988	4.44	2.4	5.0	0.002	0.318	4.44
990	findable	996	1.62	2.2	5.0	0.001	0.846	1.62
991	two	664	6.10	2.1	5.7	0.059	0.007	6.10
992	picks	993	4.24	1.9	5.0	0.001	0.356	4.24
993	clause	994	3.99	1.9	5.0	0.001	0.403	3.99
994	phase-1	997	4.62	1.6	5.0	0.000	0.566	3.12
995	vanishes	998	3.02	1.3	5.0	0.000	0.584	3.02
996	hold	995	5.19	1.1	5.0	0.001	0.178	5.19
997	pass-through	999	4.99	0.8	5.0	0.000	0.496	3.49
998	its	827	6.14	0.0	5.3	0.027	0.000	6.14
999	inconclusive	1000	3.13	0.0	5.0	0.000	0.564	3.13
